model,quantile,param,summary_statistic,Cramer-von Mises Distance,Energy Distance,Kullback-Leibler Divergence,Maximum Mean Discrepancy,Wasserstein Distance
n0.25_no_smoothing,5%,a,Mean,0.3724477017412744,1.0840626403858373,1.763881999480145,1.937702063497994,0.4425051502658058
n0.25_no_smoothing,5%,a,Median,0.36872229513992316,0.9936521908627856,1.6361749587016112,1.7934023909723857,0.3463650648942665
n0.25_no_smoothing,5%,a,StDev,1.2139279715255946,0.7260975590656596,1.0953796049199236,1.3003052323561275,0.5865290589714734
n0.25_no_smoothing,5%,a,Lower Bound,-1.277052481298637,0.08735058100253483,-0.1845790980969067,0.14589257458636537,-0.7022441073976989
n0.25_no_smoothing,5%,a,Upper Bound,1.6649366158838237,2.6677399487195697,3.8179113332007306,4.275074589022854,1.6386342150370488
n0.25_no_smoothing,5%,a,RMSE,0.6313005227361497,0.007725401946826566,0.6362408446578763,0.7934712728203717,0.6536574152155118
n0.25_no_smoothing,5%,b,Mean,5.385559225210038,2.9219385017910544,3.0733737067012203,1.1914566912711269,3.572219970953701
n0.25_no_smoothing,5%,b,Median,5.383696141114652,3.0402929491130664,2.6749303063538004,1.7467511628907124,4.2066903685887596
n0.25_no_smoothing,5%,b,StDev,2.4515167820605774,3.9073673161650775,2.1356197415925644,3.047800620546161,4.746826427518164
n0.25_no_smoothing,5%,b,Lower Bound,0.8434668911300193,-7.874314002683593,0.14721287960130874,-8.647650724816645,-8.452229598946237
n0.25_no_smoothing,5%,b,Upper Bound,9.706475816147003,9.214407511349101,7.9845870261749825,5.130404818978738,9.76767745538888
n0.25_no_smoothing,5%,b,RMSE,4.383723829631905,2.040375323538946,1.6750179351056522,0.7468202423170466,3.206806070525289
n0.25_no_smoothing,1%,a,Mean,0.47347703331209723,1.055569713790292,1.2340916479382171,1.292249310466343,0.7165932112914055
n0.25_no_smoothing,1%,a,Median,0.4641939982158458,1.0011839225352095,1.1744224390979978,1.2601282455041274,0.7352306738035916
n0.25_no_smoothing,1%,a,StDev,0.2678163287743055,0.4284260506824576,0.5371720605956181,0.5331672810156187,0.3630754256169124
n0.25_no_smoothing,1%,a,Lower Bound,0.053217033376682196,0.30471816359918813,0.37090750378491494,0.3882736905803032,0.14564440135450998
n0.25_no_smoothing,1%,a,Upper Bound,0.9381706783193019,1.916697742421497,2.3399235597177,2.2254943699008805,1.4244743592180604
n0.25_no_smoothing,1%,a,RMSE,0.5358299121426465,0.005948701556205558,0.17458171043779283,0.26033698846999376,0.26480869755550385
n0.25_no_smoothing,1%,b,Mean,3.9703215319377527,1.7222857649944288,1.6689900796790318,1.1426792516404247,0.9325417295184338
n0.25_no_smoothing,1%,b,Median,3.9555835579602734,1.5448611200034095,1.4366444409880126,1.133367161189094,1.483657777582464
n0.25_no_smoothing,1%,b,StDev,1.7315180645638046,0.922925402863373,1.113323852808621,0.6219824743563581,3.222962634411777
n0.25_no_smoothing,1%,b,Lower Bound,0.8775534028933353,0.42457251051444284,0.11101205829350017,0.11288529760076198,-8.534500976776975
n0.25_no_smoothing,1%,b,Upper Bound,7.7345598920518945,3.78402020458566,4.621843304628091,2.3543044237082738,5.06757194965806
n0.25_no_smoothing,1%,b,RMSE,2.9556816586482517,0.5449707912802038,0.43685407954931005,0.13370708881484472,0.48393333095843805
n0.25_no_smoothing,0.1%,a,Mean,0.326874405252,0.9117213735460423,0.8540732665743459,0.9135791601594627,0.8938019674800303
n0.25_no_smoothing,0.1%,a,Median,0.31794126012714546,0.9241640494196902,0.8772947207456524,0.9234215079932493,0.91727538720922
n0.25_no_smoothing,0.1%,a,StDev,0.08793875881326134,0.1909555117995079,0.22897868921418996,0.19194467038135649,0.19557188990505064
n0.25_no_smoothing,0.1%,a,Lower Bound,0.17704114796867101,0.5366119516521899,0.4332584940688593,0.538864681658593,0.47407780536626004
n0.25_no_smoothing,0.1%,a,Upper Bound,0.48802572294236896,1.230003321136847,1.2442909057734957,1.2382573405852715,1.2125059256893786
n0.25_no_smoothing,0.1%,a,RMSE,0.68206784361522,0.07626618419990086,0.12341952384358347,0.07701103658325953,0.08305124385130003
n0.25_no_smoothing,0.1%,b,Mean,2.8470864239123923,0.9576835416952575,0.8602719263230381,0.94627488481593,0.9847488659012521
n0.25_no_smoothing,0.1%,b,Median,2.873717800434922,0.93916355072856,0.8544902884299834,0.931150867363376,0.9493917157994273
n0.25_no_smoothing,0.1%,b,StDev,0.5794008898604281,0.1906792357560326,0.3391536693171897,0.1910992370566095,0.20392864824071613
n0.25_no_smoothing,0.1%,b,Lower Bound,1.4589913424093388,0.642753713256938,0.23282176072734068,0.6227349178435816,0.6681485955847587
n0.25_no_smoothing,0.1%,b,Upper Bound,3.8788994041222757,1.3309170101160837,1.4671477582252976,1.3131899153988718,1.4171931766336214
n0.25_no_smoothing,0.1%,b,RMSE,1.8738516559931881,0.06138603109831718,0.14621141706738816,0.069372963042972,0.05144922831998782
n0.25_smoothing,5%,a,Mean,2.205060083322424,1.1538517349044566,1.9059319351972732,1.956813247135829,0.34859989611977454
n0.25_smoothing,5%,a,Median,1.7482659234081241,1.0571884744569964,1.7387818076501507,1.8513577291671555,0.22797740265847166
n0.25_smoothing,5%,a,StDev,2.0873178329994415,0.7632391282212033,1.18050893183271,1.253524848221514,0.630669215588759
n0.25_smoothing,5%,a,Lower Bound,0.0802518062229101,0.08514137301550737,0.26814580970864943,0.1351180986650118,-0.9011577953083573
n0.25_smoothing,5%,a,Upper Bound,8.326481826743706,2.776266762887528,4.087352517899044,4.195445109980095,1.6381521974356779
n0.25_smoothing,5%,a,RMSE,0.7483012099420904,0.05737285609952395,0.7388326238053113,0.8514140604168464,0.772026170234613
n0.25_smoothing,5%,b,Mean,4.3174423463075575,2.733937792750213,2.091142457616186,1.6191217510687557,3.157096772223739
n0.25_smoothing,5%,b,Median,4.5411828774809875,2.9212455738042125,1.9660867509737792,1.955445333376756,3.8070276750165504
n0.25_smoothing,5%,b,StDev,3.3055567138524338,3.8089863133619093,1.5801543738125112,2.604844373009389,4.768137973758021
n0.25_smoothing,5%,b,Lower Bound,-5.332460549852653,-7.9380315761565035,0.019217821528640835,-7.144813481546495,-8.63257152388001
n0.25_smoothing,5%,b,Upper Bound,9.332831203123328,8.919011954617565,5.0526605911448454,5.157600343965404,9.621588770033917
n0.25_smoothing,5%,b,RMSE,3.5412157388734387,1.9213732605007925,0.9661683875339111,0.9555065864401999,2.8071780063969487
n0.25_smoothing,1%,a,Mean,0.7534893482397713,1.061236265066319,1.0863512903834889,1.1427194838820887,0.6608811389817068
n0.25_smoothing,1%,a,Median,0.6915897045267649,1.0107849137271758,0.9924250539183287,1.0852761475332193,0.6745437085313898
n0.25_smoothing,1%,a,StDev,0.4845980543102275,0.4157552715232177,0.6432700747002432,0.46554535963952126,0.3754942113718593
n0.25_smoothing,1%,a,Lower Bound,0.05668955035565086,0.36090290422884896,0.25017062692379655,0.387433940237483,0.12740398988567123
n0.25_smoothing,1%,a,Upper Bound,1.681459630436168,1.8892973151321621,2.361459379528045,2.041711315439339,1.3786057356371624
n0.25_smoothing,1%,a,RMSE,0.30853513122031995,0.012356960033453475,0.011589632715827592,0.08565816739537249,0.3254970581993062
n0.25_smoothing,1%,b,Mean,1.6181329576111292,1.7642534932416243,0.9466891814476761,1.3925778500736008,0.36901355209866765
n0.25_smoothing,1%,b,Median,2.094314879362825,1.6163507660814096,1.0195219854502853,1.3367788958634086,1.4018936164146631
n0.25_smoothing,1%,b,StDev,2.144403761346396,0.8913603112371572,1.2903281588740285,0.7628239043634119,3.375709075894309
n0.25_smoothing,1%,b,Lower Bound,-4.8975481267775605,0.464700478310727,0.010929601742334238,0.1798825995396061,-8.922070776503995
n0.25_smoothing,1%,b,Upper Bound,3.9362636866297804,3.6720234733633386,2.5837359357854592,3.05269678849993,4.03869265882468
n0.25_smoothing,1%,b,RMSE,1.094460497904775,0.6165028008990784,0.022657601972926013,0.33690123560245666,0.4021966693085878
n0.25_smoothing,0.1%,a,Mean,0.5996584616498822,0.9021464501493993,1.0276793583754695,0.8885646157059813,0.8373656259047122
n0.25_smoothing,0.1%,a,Median,0.6136414257254923,0.9102835719188462,0.7496315272028508,0.8977661941970593,0.8623796721970807
n0.25_smoothing,0.1%,a,StDev,0.14976210623037287,0.16331567358524104,1.1383252400047335,0.16713372907509563,0.1744973218845852
n0.25_smoothing,0.1%,a,Lower Bound,0.28310091164986567,0.5818314032096682,0.4160431832987048,0.560544860942392,0.4709032801784845
n0.25_smoothing,0.1%,a,Upper Bound,0.8315927183134771,1.177008378424479,5.04514508055503,1.170930569837165,1.1173107057672926
n0.25_smoothing,0.1%,a,RMSE,0.38642662607222944,0.09008175043800985,0.25070590074666416,0.10257451785702108,0.13781686293434112
n0.25_smoothing,0.1%,b,Mean,1.578613315402688,1.0852487823269208,0.47959026114765535,1.0710683348318994,1.119980133353405
n0.25_smoothing,0.1%,b,Median,1.5628224925298884,1.0607641386284408,0.9737483793513724,1.0494278666260206,1.074803239478121
n0.25_smoothing,0.1%,b,StDev,0.27282264712369325,0.21857911204433453,2.1299124928219166,0.21625927590409158,0.24155964027513938
n0.25_smoothing,0.1%,b,Lower Bound,1.1161754551359229,0.7389599260507507,-7.954779985830836,0.719593086092814,0.7660215202484273
n0.25_smoothing,0.1%,b,Upper Bound,2.131866946702077,1.5148120156172755,1.6150725440141411,1.495089199356937,1.647727210422005
n0.25_smoothing,0.1%,b,RMSE,0.5629929354851356,0.061562287280880916,0.031699506089399504,0.05037399998271737,0.07550638994927453
n0.5_no_smoothing,5%,a,Mean,0.5718737881862076,1.215372059098383,1.2976157637354584,2.591195170155112,0.580043042931964
n0.5_no_smoothing,5%,a,Median,0.6246933410432386,1.1345653960378688,1.143556138958942,2.528535225895743,0.5114943924539783
n0.5_no_smoothing,5%,a,StDev,0.8333765543402712,0.7310840188929167,0.9396995554393586,1.376046043120531,0.6225857447126972
n0.5_no_smoothing,5%,a,Lower Bound,-0.8272530269957653,0.14845903089168588,-0.13597849038953527,0.5448941943972667,-0.5880374289535504
n0.5_no_smoothing,5%,a,Upper Bound,1.9966533935740742,2.780632318532723,3.2864383337709273,5.104877652205104,1.8349288665343269
n0.5_no_smoothing,5%,a,RMSE,0.3753706790369812,0.1346436546160983,0.14374166221624815,1.5285772858311282,0.48853667857098493
n0.5_no_smoothing,5%,b,Mean,4.0380533872561735,3.473117137367304,2.6024514453353857,2.139159189191834,3.929670168719017
n0.5_no_smoothing,5%,b,Median,4.272260487332703,3.4012632883741474,2.3697889908144574,2.0241362281132735,4.398608220006292
n0.5_no_smoothing,5%,b,StDev,3.3154372831295458,3.524847262147798,1.8130749277224438,1.3824999448330935,4.3541693537910735
n0.5_no_smoothing,5%,b,Lower Bound,-6.763387534122229,-6.408709154736099,0.054656849253826,0.0959470020997464,-7.849975107444191
n0.5_no_smoothing,5%,b,Upper Bound,9.301340648442885,9.339718477979858,6.4881163667710915,5.096566642584981,9.758440431835902
n0.5_no_smoothing,5%,b,RMSE,3.2722952023967635,2.4013629448470115,1.3698676987634486,1.0241977671685054,3.3987266486490397
n0.5_no_smoothing,1%,a,Mean,0.5058370895077161,1.1620938297851944,1.2303933073467201,1.5153658031431172,0.8861634395417733
n0.5_no_smoothing,1%,a,Median,0.5318554104160296,1.0995093423638167,1.188725723515308,1.4922976266201258,0.8775310751465583
n0.5_no_smoothing,1%,a,StDev,0.34924291562349935,0.4182529076002244,0.4697801579040043,0.5749882734449197,0.3469370739638265
n0.5_no_smoothing,1%,a,Lower Bound,-0.15780399173637735,0.4491353213324636,0.457764499383666,0.5096654124407733,0.1796638401266566
n0.5_no_smoothing,1%,a,Upper Bound,1.0617078049947646,2.015208951893124,2.1870426579818765,2.501259742986332,1.5811088366501826
n0.5_no_smoothing,1%,a,RMSE,0.46818550304979073,0.09969825692328561,0.18883878331612955,0.4924074397298251,0.12254968176039292
n0.5_no_smoothing,1%,b,Mean,3.8749766856259287,1.8332285327322295,1.8615753397219814,1.0896322616446195,1.9628842015616506
n0.5_no_smoothing,1%,b,Median,3.8084997962422777,1.6171381261932956,1.417807333901482,1.0705410246310425,1.9085740845482138
n0.5_no_smoothing,1%,b,StDev,1.1366536473858648,0.9812952045537279,1.3541834470935339,0.5720309066139666,2.371438442636961
n0.5_no_smoothing,1%,b,Lower Bound,2.0114649818392074,0.4978108548396804,0.12746326866255214,0.14939521429972275,-5.5791405606652225
n0.5_no_smoothing,1%,b,Upper Bound,6.365122622668041,4.001303623301614,4.693305390612545,2.1217769401552844,5.501429577752937
n0.5_no_smoothing,1%,b,RMSE,2.808552721221622,0.6173563864907448,0.41821747931160463,0.07147299988513557,0.9089890637336775
n0.5_no_smoothing,0.1%,a,Mean,0.3040552706255908,1.0576998465109184,1.0106075805891235,1.0602255705956936,1.0221217818091402
n0.5_no_smoothing,0.1%,a,Median,0.27849256029926317,1.0605423206723597,1.0312212331218447,1.0630731995305083,1.031427548332249
n0.5_no_smoothing,0.1%,a,StDev,0.14541833662031112,0.17426437581287715,0.2768146270778949,0.18856235927069687,0.18271349825598523
n0.5_no_smoothing,0.1%,a,Lower Bound,0.1214211928250546,0.7297106211373804,0.47612424613864623,0.7007935877765956,0.6210548877082283
n0.5_no_smoothing,0.1%,a,Upper Bound,0.7455994101000349,1.3588542678552074,1.449314032684425,1.3890323454124172,1.3370879822833315
n0.5_no_smoothing,0.1%,a,RMSE,0.7215282693133328,0.061296955977554766,0.03344019411917091,0.06386354075834327,0.03254205864987423
n0.5_no_smoothing,0.1%,b,Mean,3.047935548089943,1.0141522128957419,0.8719552702802694,0.9468252198950126,1.034228672811151
n0.5_no_smoothing,0.1%,b,Median,3.0280604667777236,0.9991071817670147,0.8732269942989477,0.937026584191434,1.0063935821566086
n0.5_no_smoothing,0.1%,b,StDev,0.41830246475875654,0.20417743403835112,0.5352649213829529,0.1978678194944824,0.22691392225077098
n0.5_no_smoothing,0.1%,b,Lower Bound,2.388287977345471,0.6808339816142788,0.2297684420040013,0.6097410307950941,0.6891336916380127
n0.5_no_smoothing,0.1%,b,Upper Bound,3.8958342132019457,1.3980320672664326,1.4771228477128986,1.3098338587205112,1.498731717960771
n0.5_no_smoothing,0.1%,b,RMSE,2.0281829503714732,0.009304820647285226,0.12746026537628222,0.06373217715585834,0.011514628304185428
n0.5_smoothing,5%,a,Mean,1.6242159035349841,1.2146287633578208,1.6937565027798598,2.1576859981584118,0.4512661562850472
n0.5_smoothing,5%,a,Median,1.3777689985621522,1.1223711014450126,1.543565881427857,2.0836061383613895,0.31598760238103263
n0.5_smoothing,5%,a,StDev,1.5514424572790761,0.7706992859521086,1.0551494616626744,1.2767828752181187,0.6235038025948227
n0.5_smoothing,5%,a,Lower Bound,0.07413143760435176,0.10221647591093039,0.15132651132645625,0.16792009795765017,-0.7253246190634569
n0.5_smoothing,5%,a,Upper Bound,8.374098921366741,2.8394099361850778,3.7045612269623485,4.4020891156610125,1.7349956466326049
n0.5_smoothing,5%,a,RMSE,0.377808678383624,0.12246579013511509,0.5436423464307659,1.083650155324566,0.6840271030038153
n0.5_smoothing,5%,b,Mean,4.8972496824176694,2.8783704820810265,2.4619200474966876,1.8751399596659082,3.280937933839045
n0.5_smoothing,5%,b,Median,4.8894004403505855,2.993598444709416,2.3110828503292047,2.047717217795805,3.859011812125694
n0.5_smoothing,5%,b,StDev,3.137226926110039,3.700152957953871,1.595434335592278,2.206745240203494,4.676818491822882
n0.5_smoothing,5%,b,Lower Bound,-3.1770389533419636,-7.640296748413078,0.08466775285968588,-5.175579229205564,-8.51876699205747
n0.5_smoothing,5%,b,Upper Bound,9.641265294593076,8.944377854248588,5.6470683811491735,5.0554132197718165,9.629556578050238
n0.5_smoothing,5%,b,RMSE,3.8894353206768395,1.9936887654086262,1.311160287766265,1.047779121825654,2.859149755937858
n0.5_smoothing,1%,a,Mean,0.7136645864287514,1.107348839763375,1.1871507183541854,1.231844054534109,0.7292119665012248
n0.5_smoothing,1%,a,Median,0.7388496610829739,1.0556841710493055,1.104044829007178,1.1757276988892853,0.7500334642548211
n0.5_smoothing,1%,a,StDev,0.25379364860115133,0.41761596030758985,0.5167657491177442,0.4867076296667079,0.3845333608869709
n0.5_smoothing,1%,a,Lower Bound,0.20165067785797297,0.39984347503001594,0.42357053626816205,0.42921133225291075,0.13912539777046823
n0.5_smoothing,1%,a,Upper Bound,1.1351492663659466,1.9409463207973154,2.178722429284525,2.160401645152378,1.448380138317255
n0.5_smoothing,1%,a,RMSE,0.261183121501141,0.05601157144704641,0.10443685789677058,0.17589004272613212,0.250004393710401
n0.5_smoothing,1%,b,Mean,3.49058522709253,1.7744375058279254,1.4413142932749747,1.3612841820732198,0.7103506528398476
n0.5_smoothing,1%,b,Median,3.1939452969350226,1.614842606544864,1.3934641556746499,1.315349767412265,1.4940391479117057
n0.5_smoothing,1%,b,StDev,1.8113281766545568,0.898741015272362,0.981525811443081,0.7169233554070388,3.167585194096658
n0.5_smoothing,1%,b,Lower Bound,1.0269323711199723,0.47851438953677605,0.09181513393007021,0.21022312760376544,-8.638830151410934
n0.5_smoothing,1%,b,Upper Bound,7.745915875188913,3.703632770376256,3.3224388663310807,2.9007892600798835,4.224955795076132
n0.5_smoothing,1%,b,RMSE,2.1941276355857307,0.6149868390553032,0.39361962197729894,0.31554690664315227,0.49425794927415334
n0.5_smoothing,0.1%,a,Mean,0.6044328164617738,0.9612047352894229,0.8802967103972459,0.9538275957693874,0.9004707224724793
n0.5_smoothing,0.1%,a,Median,0.6064954555190054,0.9651101491972232,0.8521587621471763,0.9587871959294249,0.9217499513818477
n0.5_smoothing,0.1%,a,StDev,0.09442344205191765,0.16029817862694634,0.5820139612907022,0.16401724733179118,0.17235228895606838
n0.5_smoothing,0.1%,a,Lower Bound,0.4274269782507577,0.6524293975855996,0.46647665725053544,0.635614739430642,0.5249185206275662
n0.5_smoothing,0.1%,a,Upper Bound,0.7798851671070817,1.2351092242790864,1.3061621782022952,1.234930294079926,1.180642005953938
n0.5_smoothing,0.1%,a,RMSE,0.39352590704134344,0.035715678038853005,0.14796654745710208,0.04193006196081911,0.07852278618219044
n0.5_smoothing,0.1%,b,Mean,2.400324624094237,1.0900924304879611,1.0702781160589974,1.0814564704536034,1.1216112737441148
n0.5_smoothing,0.1%,b,Median,2.601246732925264,1.0681842180514998,1.1613191180686868,1.0622778074857486,1.0767123922406971
n0.5_smoothing,0.1%,b,StDev,0.7087238113422396,0.2217726307250268,1.2008834559832053,0.22159070529306596,0.25220902263776074
n0.5_smoothing,0.1%,b,Lower Bound,1.3009343091505219,0.739309012504827,0.26901222088260196,0.7217184520765406,0.7585470685969206
n0.5_smoothing,0.1%,b,Upper Bound,3.5001378709167286,1.521037169775484,2.24549231726279,1.5095074829158188,1.6718833841902279
n0.5_smoothing,0.1%,b,RMSE,1.6014449716997976,0.06909946820897307,0.16221565893501563,0.06323615869194672,0.0776570564609386
n0.75_no_smoothing,5%,a,Mean,-0.14923243676108341,1.0683240233056444,1.7374031240987187,2.5525848701282015,0.522559394864482
n0.75_no_smoothing,5%,a,Median,-0.23243225324428907,0.9748706160161571,1.6125089627424496,2.534619868171011,0.4623660741248131
n0.75_no_smoothing,5%,a,StDev,0.5928170424064031,0.7090535810017505,0.995948122749383,1.5485966898802792,0.6169585556493528
n0.75_no_smoothing,5%,a,Lower Bound,-1.0292855042008846,0.11334358694880242,0.16332700509376466,0.19728980003130256,-0.6932993018014963
n0.75_no_smoothing,5%,a,Upper Bound,1.1784848026299275,2.6500953892445933,3.688754597474887,5.4339176299525205,1.7465251042781187
n0.75_no_smoothing,5%,a,RMSE,1.2324366393432002,0.02571712354605867,0.6125586339854812,1.5346544176788048,0.5376603764460322
n0.75_no_smoothing,5%,b,Mean,-1.9511374998483686,3.2514144410838886,3.2700341391423753,1.060287174490879,4.05775236604412
n0.75_no_smoothing,5%,b,Median,-2.3705088391897307,3.259088154113694,2.8590386368011576,1.474338109062709,4.622252905855769
n0.75_no_smoothing,5%,b,StDev,5.119156635001457,3.9698341958481023,2.2534423419886127,2.762141110744857,4.405427852601698
n0.75_no_smoothing,5%,b,Lower Bound,-9.68172371111618,-7.65438150545467,0.1327327739356718,-8.454208399892579,-7.869279479090482
n0.75_no_smoothing,5%,b,Upper Bound,6.683078353736391,9.509596374286945,7.739688903206074,4.247468486512888,9.77707105599622
n0.75_no_smoothing,5%,b,RMSE,3.370886747405775,2.259220696602231,1.8591958090084082,0.4744312151114364,3.622357375916183
n0.75_no_smoothing,1%,a,Mean,0.21133997344904157,1.1518095433640316,1.6929731371468153,1.6478947961657318,0.8128847192075093
n0.75_no_smoothing,1%,a,Median,0.21370001421426899,1.1200977238499354,1.5833109165816655,1.664277735081567,0.8404311920337965
n0.75_no_smoothing,1%,a,StDev,0.3295403809857981,0.49853686599316616,0.6749577164529267,0.6273106582828099,0.38039634745942175
n0.75_no_smoothing,1%,a,Lower Bound,-0.38460171119525627,0.2105236269734287,0.548745777605426,0.4901570381401813,0.1643547837476458
n0.75_no_smoothing,1%,a,Upper Bound,0.8144042530466752,2.0900336269637902,3.0780755455460063,2.667517965727876,1.5506292600633556
n0.75_no_smoothing,1%,a,RMSE,0.7863156956983247,0.12035781529297676,0.5833758568851346,0.6643706538140164,0.15960369145211367
n0.75_no_smoothing,1%,b,Mean,0.7149540864346514,1.4537036598396593,1.5979626538664806,0.9158589133491835,1.4263000152790328
n0.75_no_smoothing,1%,b,Median,3.1677065490058465,1.3484907384048537,1.3819639737186724,0.8883650799222732,1.5441602240183563
n0.75_no_smoothing,1%,b,StDev,5.232313573388062,1.0356985070710945,1.2029026794270727,0.5353076177447812,3.3089107366121846
n0.75_no_smoothing,1%,b,Lower Bound,-9.626053651582273,-0.8375249090698592,0.10497857046534516,0.06647623100689393,-8.255272684926355
n0.75_no_smoothing,1%,b,Upper Bound,6.006454179620201,3.5735842497366788,5.2355560734478646,1.8737712055149864,6.142839262350089
n0.75_no_smoothing,1%,b,RMSE,2.167852713562825,0.34866703424423867,0.3823472074465985,0.11201392025785643,0.5447838144397849
n0.75_no_smoothing,0.1%,a,Mean,0.31633772485334943,0.9967202168272645,1.232843540191494,1.089719808390249,0.9807304611907313
n0.75_no_smoothing,0.1%,a,Median,0.33061985121111176,1.0079802993028815,1.1753773962572245,1.0837854272071907,1.011055210579723
n0.75_no_smoothing,0.1%,a,StDev,0.09635191202021273,0.2081621138366493,0.3978289846536606,0.20512464973969066,0.2245960635898137
n0.75_no_smoothing,0.1%,a,Lower Bound,0.13185402403876734,0.58262607421548,0.7075556851028745,0.7185744174426761,0.488007450453915
n0.75_no_smoothing,0.1%,a,Upper Bound,0.476295159642234,1.342311748581493,2.01119839799292,1.4525462114865624,1.3374097271367438
n0.75_no_smoothing,0.1%,a,RMSE,0.6693894126258239,0.012279884827186017,0.17572725865435979,0.08451066017846749,0.013587175061322052
n0.75_no_smoothing,0.1%,b,Mean,3.7075070970711734,0.894307035383343,0.9287406872623177,0.8499910408027211,0.9299906632429337
n0.75_no_smoothing,0.1%,b,Median,3.735673439664382,0.8752259457078974,0.8661449026398063,0.84865495468138,0.8945232721989862
n0.75_no_smoothing,0.1%,b,StDev,0.5464297153956995,0.18852067242646472,0.5495919963269641,0.2000698970636358,0.19692634128563902
n0.75_no_smoothing,0.1%,b,Lower Bound,2.76653374253479,0.5812830847997528,0.10995440408561302,0.45744819010992877,0.629555473436738
n0.75_no_smoothing,0.1%,b,Upper Bound,4.623801579414922,1.258960759480073,2.177825596002009,1.1976284583798606,1.3460173991331679
n0.75_no_smoothing,0.1%,b,RMSE,2.7358195129618443,0.12506197162931632,0.13464992440304907,0.15162273013507702,0.10594153652133247
n0.75_smoothing,5%,a,Mean,1.7411944885150172,1.2686772635416173,8.77623065852759,2.0941222111563893,0.4537684218182154
n0.75_smoothing,5%,a,Median,1.5305243234272319,1.1781166073225129,8.928001248019058,2.0161257564225203,0.3132007016748621
n0.75_smoothing,5%,a,StDev,1.5119515206549543,0.7812292253273874,0.9389603663189828,1.2207044535355422,0.6392065541918424
n0.75_smoothing,5%,a,Lower Bound,0.09216146073501,0.10779342969624231,6.968106103783821,0.16217097000830683,-0.7446300396972955
n0.75_smoothing,5%,a,Upper Bound,8.49667275130347,2.8835164996102804,9.951323486891393,4.264674099360716,1.7674059738908456
n0.75_smoothing,5%,a,RMSE,0.5305499785262625,0.1781737619533005,7.928003817839662,1.0161736474721705,0.68682434791791
n0.75_smoothing,5%,b,Mean,4.798262410587836,2.9416857697610017,-6.321116062812345,2.031415313875212,3.2553161971993347
n0.75_smoothing,5%,b,Median,4.91980940180743,3.0480085967059494,-6.876281223183202,2.179245813640687,3.8300305694274597
n0.75_smoothing,5%,b,StDev,3.223835442539075,3.590688712146654,2.708838117243861,2.1766496544231098,4.632609396091905
n0.75_smoothing,5%,b,Lower Bound,-2.6871287058731315,-7.434572334514146,-9.867558839249465,-4.542212942839897,-8.513992313264465
n0.75_smoothing,5%,b,Upper Bound,9.678248349610174,8.849087686256567,-0.8845968226299609,5.222394184813088,9.59684456945324
n0.75_smoothing,5%,b,RMSE,3.919846206748374,2.0481076658974633,7.876319391703596,1.1792910014698426,2.8301802361968895
n0.75_smoothing,1%,a,Mean,0.8627717034164861,1.1061999648926386,9.19640564318397,1.1531500769045315,0.7484473160867536
n0.75_smoothing,1%,a,Median,0.8163495165810164,1.0606777755552268,9.282965256839509,1.0917823946665983,0.7632601265886749
n0.75_smoothing,1%,a,StDev,0.42954979846409125,0.4116969062811816,0.6062893208653182,0.4542962350268283,0.3793948827689693
n0.75_smoothing,1%,a,Lower Bound,0.19363903474685537,0.4059014964092663,8.047205371441155,0.42146534060491286,0.13592282683973925
n0.75_smoothing,1%,a,Upper Bound,1.7388792276524578,1.9152488206488993,9.971452725090474,2.060319020239273,1.4463427609427157
n0.75_smoothing,1%,a,RMSE,0.1838802638057363,0.06099042251975856,8.282970475587948,0.0920427201181645,0.23679066043395952
n0.75_smoothing,1%,b,Mean,2.4817890859628298,1.806390828908732,-6.211622943832403,1.5385057517203513,0.9710661186901897
n0.75_smoothing,1%,b,Median,2.497953644459718,1.6655216672367001,-6.4666752336497595,1.4668174423251406,1.6629459962480369
n0.75_smoothing,1%,b,StDev,1.0858412600094278,0.8832009773083926,2.034675109072621,0.7886226629401524,3.0298952574045637
n0.75_smoothing,1%,b,Lower Bound,0.6702471216887713,0.5046587974463543,-9.542152548786088,0.2821983754858284,-8.47543249056382
n0.75_smoothing,1%,b,Upper Bound,4.54788892551939,3.6575037887203985,-1.7580033850189374,3.2533668070360453,4.234201360614385
n0.75_smoothing,1%,b,RMSE,1.4980632876132953,0.665657555022006,7.466690514129368,0.46695344583120374,0.6631574376650893
n0.75_smoothing,0.1%,a,Mean,0.6184859895846034,0.9568514512279366,9.665226863533013,0.9390004648213787,0.9092356174452422
n0.75_smoothing,0.1%,a,Median,0.6219652674966726,0.957763392878285,9.760249477162656,0.941576342344089,0.9168550647147535
n0.75_smoothing,0.1%,a,StDev,0.15348214124587836,0.14638359952737345,0.4492357501755513,0.1515399348164425,0.14031724487374306
n0.75_smoothing,0.1%,a,Lower Bound,0.3562740523966077,0.6857686244003649,8.589126172941002,0.6505736103191666,0.6163254245128271
n0.75_smoothing,0.1%,a,Upper Bound,0.868435394208775,1.211533720465758,9.987681325973009,1.2017516457797708,1.1509500749980306
n0.75_smoothing,0.1%,a,RMSE,0.3781192365860553,0.042745931415950435,8.760255000738406,0.05881187687201384,0.0833028253353152
n0.75_smoothing,0.1%,b,Mean,1.5355252037458715,1.187265768221995,-3.5869745541073548,1.1701630487473966,1.2658685390939812
n0.75_smoothing,0.1%,b,Median,1.5284747109942607,1.165927739342566,-5.333135420103398,1.1493205086423188,1.2196294882507983
n0.75_smoothing,0.1%,b,StDev,0.2526550876258353,0.2344993362721474,3.896693776175697,0.23422392104048792,0.28958675088334673
n0.75_smoothing,0.1%,b,Lower Bound,1.0953257767344184,0.8186396874991831,-5.814496869809748,0.7950479276881041,0.8441538441879234
n0.75_smoothing,0.1%,b,Upper Bound,2.0365388805563156,1.637749195300717,7.457507374112956,1.622109720162053,1.888792783952504
n0.75_smoothing,0.1%,b,RMSE,0.5285929117202007,0.16628385784440894,6.333165490044063,0.14973276022335907,0.22004027983191352
n0_no_smoothing,5%,a,Mean,1.1422069768478311,1.108403988699512,2.0063603833868995,1.9563226301236818,0.4494001197309368
n0_no_smoothing,5%,a,Median,0.9922392771658839,1.0239622654978933,1.862076413533891,1.8221819418792489,0.3473484389192757
n0_no_smoothing,5%,a,StDev,1.1665120531856799,0.7324218144285772,1.154506130753593,1.2814465306430796,0.586865944815539
n0_no_smoothing,5%,a,Lower Bound,-0.2033891278586302,0.08482628556024348,0.4007803057585418,0.1467889007164263,-0.6764144380608144
n0_no_smoothing,5%,a,Upper Bound,2.621372373740716,2.6857811092469195,4.139158922278772,4.25640483259467,1.663810984629948
n0_no_smoothing,5%,a,RMSE,0.009756242119902479,0.024472727548542735,0.8621226689741681,0.8222635862817335,0.6526709985536661
n0_no_smoothing,5%,b,Mean,5.925922020347391,2.9043463008948565,2.2717161433606456,1.4507761128315932,3.4881974092707924
n0_no_smoothing,5%,b,Median,6.047959923178974,3.0267448518711206,2.142665526334014,1.8640157280427665,4.0705226577162295
n0_no_smoothing,5%,b,StDev,2.436592854495934,3.852174658643593,1.6267551688257074,2.8293282804546838,4.768262639851207
n0_no_smoothing,5%,b,Lower Bound,1.2076547216292584,-7.813970504457469,0.060979746813628805,-8.301349625465594,-8.490112218406878
n0_no_smoothing,5%,b,Upper Bound,9.796216682629959,9.153242958498755,5.23694716618888,5.324643074333445,9.765360331205368
n0_no_smoothing,5%,b,RMSE,5.047995194436133,2.026839381573997,1.1427286675026285,0.8640664165042368,3.0706622248194733
n0_no_smoothing,1%,a,Mean,0.6103424968283929,1.0282845326523917,1.1699440670451788,1.2580621664849494,0.7199024706459869
n0_no_smoothing,1%,a,Median,0.6335573402327822,0.9712535435617664,1.0413427667940156,1.2166148644268124,0.7272051666969351
n0_no_smoothing,1%,a,StDev,0.26612533173738523,0.4110569703176635,0.9203779489860818,0.5199841385216876,0.35893037986434095
n0_no_smoothing,1%,a,Lower Bound,0.12911260256432272,0.35450284223856876,0.44027782126789394,0.3913473324074313,0.14841951538225326
n0_no_smoothing,1%,a,Upper Bound,1.0429408743730202,1.8748379742565842,1.9842895211560978,2.191092990062834,1.4265295459245022
n0_no_smoothing,1%,a,RMSE,0.3664786951944962,0.029353404281796273,0.04205225284562366,0.21679922353560666,0.2728216652572095
n0_no_smoothing,1%,b,Mean,4.717959823976117,1.787544351916931,1.491739934886341,1.1941239169966353,1.0369337324655743
n0_no_smoothing,1%,b,Median,4.5176616039319235,1.621384084572255,1.4688316224496651,1.1797105760736477,1.5573324744414392
n0_no_smoothing,1%,b,StDev,1.8771095549926047,0.9260530785974213,1.2374692486410508,0.6466880329603696,3.024545417176375
n0_no_smoothing,1%,b,Lower Bound,1.4725126056796052,0.4686691323010485,0.24597271317619884,0.12790054674741325,-8.296670109140361
n0_no_smoothing,1%,b,Upper Bound,8.441545101186493,3.810752690017706,3.2205017545742662,2.497083894532661,4.894565765843874
n0_no_smoothing,1%,b,RMSE,3.5177709908385357,0.6215707753818722,0.4690664030278327,0.1800153983032074,0.5575609567935738
n0_no_smoothing,0.1%,a,Mean,0.4182564113962873,0.9215378394876491,1.2494549632640222,0.9087965910624652,0.8973940882171145
n0_no_smoothing,0.1%,a,Median,0.42043199346489746,0.928896833660908,0.9945484074030948,0.9176051636100585,0.9107035706095915
n0_no_smoothing,0.1%,a,StDev,0.09250380058662884,0.18433840398326776,1.4843339992172815,0.18814340163020085,0.18376854839521706
n0_no_smoothing,0.1%,a,Lower Bound,0.2536475671664953,0.5651091065191536,0.6176144735989676,0.542455416830644,0.510117720750419
n0_no_smoothing,0.1%,a,Upper Bound,0.5926652955164077,1.2356959558666065,8.0650987376179,1.22835541876914,1.207381861585666
n0_no_smoothing,0.1%,a,RMSE,0.5795834357902467,0.07162714915928282,0.0136478842658544,0.08281682001294494,0.08959965029671135
n0_no_smoothing,0.1%,b,Mean,3.1931976086755265,0.9770064982878928,1.446406060659802,0.9577139007918777,0.9998484570162486
n0_no_smoothing,0.1%,b,Median,3.165270605344856,0.9606402204341232,1.3086638096263814,0.9433796553551776,0.9711363883984063
n0_no_smoothing,0.1%,b,StDev,0.4890085936283492,0.19067107981713532,1.0364791527482349,0.19328248889486097,0.204980700517826
n0_no_smoothing,0.1%,b,Lower Bound,2.4068093138242546,0.6610006804742159,0.8028077239665525,0.6304729816289355,0.67869434908553
n0_no_smoothing,0.1%,b,Upper Bound,4.200660566282438,1.3460688245350705,4.346936853858042,1.3296485811374834,1.4174642117208276
n0_no_smoothing,0.1%,b,RMSE,2.165369520282279,0.04049419402955104,0.3089747225405594,0.057357560149402166,0.03075528590871446
nlinear_no_smoothing,5%,a,Mean,-0.32479767584715197,1.7794171451921454,2.2250205841571913,4.404509138653392,1.4869039739747323
nlinear_no_smoothing,5%,a,Median,-0.12946413256370828,1.6154227415839748,2.03044207880604,4.446343931283588,1.4655035615590521
nlinear_no_smoothing,5%,a,StDev,1.0504458428172239,0.9324339614332873,1.2641036831778603,1.8140483521304946,0.7191372467396769
nlinear_no_smoothing,5%,a,Lower Bound,-3.5214402863422998,0.24108949545320024,0.47206586820449636,1.075767496277808,0.2122823420230265
nlinear_no_smoothing,5%,a,Upper Bound,0.9114303405135793,3.840130055958109,5.018638335749626,7.888196123890318,2.9666676478032756
nlinear_no_smoothing,5%,a,RMSE,1.1294708573300376,0.6154509306575218,1.0304979386479796,3.4463596085864583,0.465528960620656
nlinear_no_smoothing,5%,b,Mean,0.18233605156709579,3.1548810421539795,2.373554366498283,1.5011917010498863,3.778471116684522
nlinear_no_smoothing,5%,b,Median,2.3615961420163,2.790562399870954,1.9974592055071674,1.3484269861811333,3.8027137771076855
nlinear_no_smoothing,5%,b,StDev,6.478521203696082,3.3071361310695977,1.808742110896273,1.0165177176267948,3.7352647314164455
nlinear_no_smoothing,5%,b,Lower Bound,-9.858601165593479,-5.330414131993964,0.059590286811007864,0.06887502037970678,-6.270655787573117
nlinear_no_smoothing,5%,b,Upper Bound,9.236994673476486,9.308164120612894,6.6319274491044276,3.5351945195575762,9.645520995580299
nlinear_no_smoothing,5%,b,RMSE,1.3621272268747693,1.7906598360069745,0.9976063327570508,0.34854279390368625,2.8028083891656683
nlinear_no_smoothing,1%,a,Mean,0.1834310064820613,1.9565679857412572,1.813016101681081,2.8732707885394593,1.4291179243193457
nlinear_no_smoothing,1%,a,Median,0.1774784663879932,1.9547873414288781,1.798831755311312,2.539495603978003,1.3466336912351387
nlinear_no_smoothing,1%,a,StDev,0.30748059136050754,0.7559402403850208,0.7197064785806501,1.5787932102058357,0.681574420487689
nlinear_no_smoothing,1%,a,Lower Bound,-0.28733597062491184,0.5500350350188407,0.5140248684466305,0.7830459204044158,0.25966799211602126
nlinear_no_smoothing,1%,a,Upper Bound,0.8025611752445198,3.303547560032124,3.1495384890130764,6.992425866945694,2.7499357180996906
nlinear_no_smoothing,1%,a,RMSE,0.8225284844506224,0.9548633954001268,0.7988796342835285,1.5396062681670537,0.3469961511028479
nlinear_no_smoothing,1%,b,Mean,1.9218026339382175,0.9686980056120466,0.8365872954521082,0.4672317129086605,1.8976819295055196
nlinear_no_smoothing,1%,b,Median,3.7932039732502405,0.9106933784009743,0.7274156871149373,0.3897549949543409,0.9858893727674402
nlinear_no_smoothing,1%,b,StDev,5.072951371127414,0.45616323248577645,0.6344973339981231,0.3584252377468453,3.724755515176811
nlinear_no_smoothing,1%,b,Lower Bound,-9.349846572220393,0.28054508362569597,0.037485409256345005,0.015680914182267598,-6.74662609418086
nlinear_no_smoothing,1%,b,Upper Bound,7.7142500001069045,1.8737966038916896,2.2910783484756507,1.2066770513084086,9.510724511156884
nlinear_no_smoothing,1%,b,RMSE,2.7933371662781084,0.08967529483438753,0.27273220176195184,0.6102704131255778,0.01907789609795796
nlinear_no_smoothing,0.1%,a,Mean,0.2236642907449217,1.6227319401482452,1.4046903124276042,1.9046262717517806,1.5688436222601332
nlinear_no_smoothing,0.1%,a,Median,0.16134993556041913,1.6247135820109389,1.4236216914379702,1.8547873088206444,1.5774040631355377
nlinear_no_smoothing,0.1%,a,StDev,0.14461557403819308,0.28587058733285653,0.5668053773529868,0.3330936168039303,0.3249680720749899
nlinear_no_smoothing,0.1%,a,Lower Bound,0.033915174805874596,1.1071535306291826,0.5935520728968205,1.404099425660137,0.9017943064371265
nlinear_no_smoothing,0.1%,a,Upper Bound,0.4788957449080644,2.122190871936908,2.2824542688399747,2.615143778163917,2.123389394692881
nlinear_no_smoothing,0.1%,a,RMSE,0.8387353240761093,0.6248285025549487,0.424973278793844,0.854902923713905,0.5775816684286292
nlinear_no_smoothing,0.1%,b,Mean,3.8778859064101034,0.6023598927997137,0.36888724769878345,0.35124851915582395,0.6066805684081217
nlinear_no_smoothing,0.1%,b,Median,4.059528007042316,0.5965457679208481,0.394443119799042,0.34135276296790346,0.6020477536113681
nlinear_no_smoothing,0.1%,b,StDev,0.8686290894645926,0.11645228716952026,0.4049326411661692,0.1650574820754808,0.11611947086322977
nlinear_no_smoothing,0.1%,b,Lower Bound,2.101617952569239,0.4149390759513525,0.033159279909796495,0.08903300385446916,0.41913141414734234
nlinear_no_smoothing,0.1%,b,Upper Bound,5.2095466131140995,0.8165816387789719,0.7789886130974935,0.6514779519853633,0.8238900464348052
nlinear_no_smoothing,0.1%,b,RMSE,3.0598049829479357,0.40350195183274695,0.6056302884885284,0.6587008488625807,0.39800150029320164
nlinear_smoothing,5%,a,Mean,-2.7223695161885293,0.8204452310476209,1.2569041672895664,1.9774609249134962,0.1518452264723922
nlinear_smoothing,5%,a,Median,-0.6176616841195152,0.7096972914223966,1.074059175073096,1.6879200083223025,0.166078084682178
nlinear_smoothing,5%,a,StDev,3.386239969668133,0.6809169897814558,1.1782159309371734,1.4269249480146424,0.7133550215898445
nlinear_smoothing,5%,a,Lower Bound,-9.635088885520391,-0.15960457188567068,-0.3672333688542219,0.23269899088460513,-1.3838708281453689
nlinear_smoothing,5%,a,Upper Bound,0.5044361241318465,2.3998809884543957,3.6216017585752986,4.658642058440224,1.502013969674247
nlinear_smoothing,5%,a,RMSE,1.6177015278811684,0.29034531605787234,0.07475126220509962,0.6881341446156446,0.8339258225984829
nlinear_smoothing,5%,b,Mean,1.8628124603170604,3.5632446461126692,2.424079223855917,0.4457806287919549,3.847498196122466
nlinear_smoothing,5%,b,Median,3.241609564947367,3.672462515063399,2.1685359663309227,1.2498613489852504,4.594262294081443
nlinear_smoothing,5%,b,StDev,4.418693739844118,4.044145466896796,1.675960395863964,3.32290440979954,4.507861087600159
nlinear_smoothing,5%,b,Lower Bound,-8.70847709906156,-7.473495694727876,0.03365174458602405,-8.791270828128178,-8.12611500333902
nlinear_smoothing,5%,b,Upper Bound,7.180728001362339,9.63576036572824,5.8500452876628,5.059774088241834,9.713536208289769
nlinear_smoothing,5%,b,RMSE,2.2417053788795656,2.6725967390467726,1.1686184331260439,0.2500916022424021,3.5943950596903176
nlinear_smoothing,1%,a,Mean,-0.011233579496357378,0.9776327127953576,1.107746035042522,1.5269052174029019,0.6334753502993403
nlinear_smoothing,1%,a,Median,-0.0630107717865232,0.8978500017573694,0.999190681071743,1.4896574074690847,0.629935685930629
nlinear_smoothing,1%,a,StDev,0.3426897832216429,0.4135446813033657,0.8518833634343141,0.6798913743727846,0.36935413762753877
nlinear_smoothing,1%,a,Lower Bound,-0.6128344652523037,0.29995765398462576,-0.18529146439725827,0.4443753833387944,0.15518820928695018
nlinear_smoothing,1%,a,Upper Bound,0.6448338647956163,1.8759959947271512,2.701048599505585,2.717653567645915,1.4309477662221337
nlinear_smoothing,1%,a,RMSE,1.0630162737843631,0.10230520640456944,0.015149263283275585,0.48984425154984235,0.3700910018504467
nlinear_smoothing,1%,b,Mean,1.7542187425657045,1.8303698133512443,1.4042678393705534,0.8796895642925125,0.04422245184521114
nlinear_smoothing,1%,b,Median,2.6274109898690483,1.5127143754893422,1.077069790705729,0.8472297423642938,1.0868773244582919
nlinear_smoothing,1%,b,StDev,2.9816517619459084,1.1556037599084192,1.114114007952564,0.5424083938389385,3.514499051428093
nlinear_smoothing,1%,b,Lower Bound,-7.231547974360052,0.3518905611782069,0.05957824258034934,0.042670493603351595,-9.028293453927034
nlinear_smoothing,1%,b,Upper Bound,4.56299560101735,4.472761888460488,4.138040743457862,2.047506673682165,4.22351507373239
nlinear_smoothing,1%,b,RMSE,1.62749619065384,0.5128554028622322,0.07799690735782742,0.15303303055696615,0.08816133345338126
nlinear_smoothing,0.1%,a,Mean,0.20436796185201728,0.8597683961596831,0.8498916663782771,0.8724767339995481,0.8114794890170701
nlinear_smoothing,0.1%,a,Median,0.137375285649368,0.8823188301594257,0.855425291642819,0.8935141121983609,0.8393181558610627
nlinear_smoothing,0.1%,a,StDev,0.16321860635539892,0.20108353133231924,0.38737084775631536,0.19314226438256385,0.221538829736543
nlinear_smoothing,0.1%,a,Lower Bound,0.020977198461087407,0.4788179341094687,0.0827712001176423,0.511977327921978,0.3986315208624029
nlinear_smoothing,0.1%,a,Upper Bound,0.5832919090161178,1.1858797633141744,1.6109216201292773,1.1788239908780225,1.1771439754881268
nlinear_smoothing,0.1%,a,RMSE,0.8626436480169603,0.11799399948302532,0.1454908769665352,0.10692128343961789,0.16105143070050543
nlinear_smoothing,0.1%,b,Mean,3.034926630027655,0.817883627398173,0.7225296424444585,0.7139346800184925,0.8175487604562922
nlinear_smoothing,0.1%,b,Median,3.078784819030775,0.8090986554591033,0.6341990127319181,0.7088175982527148,0.8132849777418494
nlinear_smoothing,0.1%,b,StDev,0.6533098573467921,0.1745111235367461,0.6740910556836204,0.17632668396052215,0.16373532015619138
nlinear_smoothing,0.1%,b,Lower Bound,1.549731493886395,0.5294924486628431,0.05435452359163897,0.4208977184317796,0.5413119498815239
nlinear_smoothing,0.1%,b,Upper Bound,4.1234225309318235,1.1718415606972412,2.8165535948721274,1.0588903304418593,1.1610121137033682
nlinear_smoothing,0.1%,b,RMSE,2.078873707683522,0.1910421904224762,0.3661751785319276,0.2913104191752754,0.18687118351100304
